{"cameraMode":{"drawMode":0,"name":"Shaded","section":"Shading Mode"},"sceneLighting":false,"audioPlay":false,"sceneViewState":{"m_AlwaysRefresh":false,"showFog":true,"showSkybox":false,"showFlares":true,"showImageEffects":true,"showParticleSystems":true,"showVisualEffectGraphs":true,"m_FxEnabled":true},"in2DMode":false,"pivot":{"x":-10.187723159790039,"y":-2.0986132621765138,"z":13.166327476501465},"rotation":{"x":0.020998181775212289,"y":-0.005397159606218338,"z":0.00011322106729494408,"w":0.9997633099555969},"size":8.31002426147461,"orthographic":true}