{"cameraMode":{"drawMode":0,"name":"Shaded","section":"Shading Mode"},"sceneLighting":false,"audioPlay":false,"sceneViewState":{"m_AlwaysRefresh":false,"showFog":true,"showSkybox":false,"showFlares":true,"showImageEffects":true,"showParticleSystems":true,"showVisualEffectGraphs":true,"m_FxEnabled":true},"in2DMode":false,"pivot":{"x":-25.57561683654785,"y":2.0232596397399904,"z":2.030705451965332},"rotation":{"x":0.03403664007782936,"y":-0.16208279132843018,"z":0.005594361573457718,"w":0.9861791133880615},"size":8.644926071166993,"orthographic":true}